<?xml version="2.0" encoding="UTF-8" standalone="yes"?>
<addon id="plugin.video.ictcordcutters" name="ICT Cord Cutters" version="0.2.0" provider-name="http://archive.org">
  <requires>
    <import addon="xbmc.python" version="2.1.0"/>
  </requires>
  <extension point="xbmc.python.pluginsource" library="default.py">
        <provides>video executable</provides>
  </extension>
  <extension point="xbmc.addon.metadata">
		<summary lang="en">ICT Cord Cutters Wizard</summary>
		<description lang="en">In this wizard you will find the latest build</description>
		<disclaimer lang="en">Updates included are the following: Visit ictcordcutters.com for more info.</disclaimer>
		<forum>http://ictcc.x10host.com</forum>
		<source>http://ictcc.x10host.com</source>
		<website>http://ictcc.x10host.com</website>
		<platform>all</platform>
	</extension>
</addon>
